Quantity,References,Value / Part,Footprint,Source
2,"C15, C33",0.1u,Capacitor_SMD:C_0805_2012Metric_Pad1.18x1.45mm_HandSolder,Auto-extracted from KiCad PCB; verify against schematic before ordering
1,FB1,100 Ω @ 100 MHz,Inductor_SMD:L_1206_3216Metric,Auto-extracted from KiCad PCB; verify against schematic before ordering
1,C20,100n,Capacitor_SMD:C_0805_2012Metric_Pad1.18x1.45mm_HandSolder,Auto-extracted from KiCad PCB; verify against schematic before ordering
2,"R28, R8",10k,Resistor_SMD:R_0805_2012Metric_Pad1.20x1.40mm_HandSolder,Auto-extracted from KiCad PCB; verify against schematic before ordering
1,C18,10u,Capacitor_SMD:C_0805_2012Metric_Pad1.18x1.45mm_HandSolder,Auto-extracted from KiCad PCB; verify against schematic before ordering
2,"R10, R27",1k,Resistor_SMD:R_0805_2012Metric_Pad1.20x1.40mm_HandSolder,Auto-extracted from KiCad PCB; verify against schematic before ordering
2,"C16, C17",1u,Capacitor_SMD:C_0805_2012Metric_Pad1.18x1.45mm_HandSolder,Auto-extracted from KiCad PCB; verify against schematic before ordering
1,C14,22u,Capacitor_SMD:C_0805_2012Metric_Pad1.18x1.45mm_HandSolder,Auto-extracted from KiCad PCB; verify against schematic before ordering
1,R25,300k,Resistor_SMD:R_0805_2012Metric_Pad1.20x1.40mm_HandSolder,Auto-extracted from KiCad PCB; verify against schematic before ordering
1,R11,3k,Resistor_SMD:R_0805_2012Metric_Pad1.20x1.40mm_HandSolder,Auto-extracted from KiCad PCB; verify against schematic before ordering
1,C19,4.7u,Capacitor_SMD:C_0805_2012Metric_Pad1.18x1.45mm_HandSolder,Auto-extracted from KiCad PCB; verify against schematic before ordering
1,R26,56k,Resistor_SMD:R_0805_2012Metric_Pad1.20x1.40mm_HandSolder,Auto-extracted from KiCad PCB; verify against schematic before ordering
2,"J2, J3",Conn_01x13_Pin,Library-kicad:13-conn-smd-dual,Auto-extracted from KiCad PCB; verify against schematic before ordering
1,U4,ESP32-WROOM-32UE,RF_Module:ESP32-WROOM-32UE,Auto-extracted from KiCad PCB; verify against schematic before ordering
2,"Onboard1, Outer1",LED,LED_SMD:LED_0805_2012Metric_Pad1.15x1.40mm_HandSolder,Auto-extracted from KiCad PCB; verify against schematic before ordering
1,NCP1,NCP186AMX330TAG,"Library-kicad:XDFN-8, 1.6 × 1.2 mm, 0.4 mm pitch",Auto-extracted from KiCad PCB; verify against schematic before ordering
2,"SW10, SW9",SW_Push,Button_Switch_SMD:SW_SPST_CK_KXT3,Auto-extracted from KiCad PCB; verify against schematic before ordering
1,J1,TC2030,Connector_PinHeader_1.27mm:PinHeader_2x03_P1.27mm_Vertical,Auto-extracted from KiCad PCB; verify against schematic before ordering
